{
  "project_info": {
    "project_number": "572048080396",
    "firebase_url": "https://ayas-house.firebaseio.com",
    "project_id": "ayas-house",
    "storage_bucket": "ayas-house.appspot.com"
  },
  "client": [
    {
      "client_info": {
        "mobilesdk_app_id": "1:572048080396:android:0ac378028212ec50aff829",
        "android_client_info": {
          "package_name": "com.example.ayashome"
        }
      },
      "oauth_client": [
        {
          "client_id": "572048080396-9mukpqqfdbiplg8isdjtetqvtk22avtj.apps.googleusercontent.com",
          "client_type": 1,
          "android_info": {
            "package_name": "com.example.ayashome",
            "certificate_hash": "e2536e74a343d1a7e7827165fb03699b899394fc"
          }
        },
        {
          "client_id": "572048080396-ncqeinr6mls9db0i3j0v9kbc1e0hk6a3.apps.googleusercontent.com",
          "client_type": 3
        }
      ],
      "api_key": [
        {
          "current_key": "AIzaSyCuf3r-mBZy8e5hEIrEFMvelXoD382m564"
        }
      ],
      "services": {
        "appinvite_service": {
          "other_platform_oauth_client": [
            {
              "client_id": "572048080396-lib9gm7hp220tuhljgj297r8rs4bjiqh.apps.googleusercontent.com",
              "client_type": 3
            }
          ]
        }
      }
    }
  ],
  "configuration_version": "1"
}